Algorithm,InputType,Size,ExecutionTimeNs,MaxRecursionDepth,Comparisons
MergeSort,Random,100,33834,4,686
QuickSort,Random,100,73875,4,581
DeterministicSelect,Random,100,32042,6,144
MergeSort,Sorted,100,16834,4,392
QuickSort,Sorted,100,52000,4,614
DeterministicSelect,Sorted,100,54834,6,258
MergeSort,Reverse-Sorted,100,33916,4,876
QuickSort,Reverse-Sorted,100,53833,4,626
DeterministicSelect,Reverse-Sorted,100,48584,6,248
MergeSort,Duplicates,100,29167,4,672
QuickSort,Duplicates,100,71291,3,995
DeterministicSelect,Duplicates,100,48208,8,282
ClosestPair,Random,100,1325625,6,0
MergeSort,Random,1000,445167,7,10421
QuickSort,Random,1000,126750,6,11735
DeterministicSelect,Random,1000,461500,10,2997
MergeSort,Sorted,1000,237416,7,6936
QuickSort,Sorted,1000,79416,6,10352
DeterministicSelect,Sorted,1000,310625,10,3037
MergeSort,Reverse-Sorted,1000,382500,7,13320
QuickSort,Reverse-Sorted,1000,76083,6,10082
DeterministicSelect,Reverse-Sorted,1000,142667,11,2752
MergeSort,Duplicates,1000,81833,7,10170
QuickSort,Duplicates,1000,224042,3,53685
DeterministicSelect,Duplicates,1000,494083,39,14583
ClosestPair,Random,1000,8171167,9,0
MergeSort,Random,10000,1329208,11,128642
QuickSort,Random,10000,864209,8,152230
DeterministicSelect,Random,10000,1981542,13,31646
MergeSort,Sorted,10000,646042,11,108976
QuickSort,Sorted,10000,396583,9,152088
DeterministicSelect,Sorted,10000,395000,15,32779
MergeSort,Reverse-Sorted,10000,793208,11,143920
QuickSort,Reverse-Sorted,10000,439625,8,152592
DeterministicSelect,Reverse-Sorted,10000,361292,13,28230
MergeSort,Duplicates,10000,518417,11,127188
QuickSort,Duplicates,10000,2932500,3,5036658
DeterministicSelect,Duplicates,10000,96559667,1011,22553170
ClosestPair,Random,10000,31688833,12,0
MergeSort,Random,50000,9318583,13,777489
QuickSort,Random,50000,7474250,10,939334
DeterministicSelect,Random,50000,1914625,17,162309
MergeSort,Sorted,50000,986292,13,645904
QuickSort,Sorted,50000,3314875,10,921155
DeterministicSelect,Sorted,50000,834375,16,167151
MergeSort,Reverse-Sorted,50000,1282500,13,880512
QuickSort,Reverse-Sorted,50000,1988333,10,938052
DeterministicSelect,Reverse-Sorted,50000,936625,15,145589
MergeSort,Duplicates,50000,2347542,13,766009
QuickSort,Duplicates,50000,63339583,3,125166013
DeterministicSelect,Duplicates,50000,4872666000,1020,1495132734
ClosestPair,Random,50000,116657458,15,0
